2025-02-04 07:45,IVVD
2025-02-04 07:45,HCWB
2025-02-04 07:45,UOKA
2025-02-04 07:45,GHRS
2025-02-04 07:45,SGLY
2025-02-04 07:45,SOPA
2025-02-04 07:45,REBN
2025-02-04 07:45,CLDI
2025-02-04 07:45,CYCN
2025-02-04 07:45,EJH
2025-02-04 07:45,LDTC
2025-02-04 07:45,TGI
2025-02-04 07:45,ZBAI
2025-02-04 07:45,BHAT
2025-02-04 07:45,ZSPC
2025-02-04 07:45,RGLS
2025-02-04 07:45,BACK
2025-02-04 07:45,RPID
2025-02-04 07:45,SSYS
2025-02-04 07:45,KC
2025-02-04 07:46,IVVD
2025-02-04 07:46,HCWB
2025-02-04 07:46,UOKA
2025-02-04 07:46,GHRS
2025-02-04 07:46,SGLY
2025-02-04 07:46,SOPA
2025-02-04 07:46,REBN
2025-02-04 07:46,CLDI
2025-02-04 07:46,CYCN
2025-02-04 07:46,EJH
2025-02-04 07:46,LDTC
2025-02-04 07:46,TGI
2025-02-04 07:46,ZBAI
2025-02-04 07:46,BHAT
2025-02-04 07:46,ZSPC
2025-02-04 07:46,RGLS
2025-02-04 07:46,BACK
2025-02-04 07:46,RPID
2025-02-04 07:46,SSYS
2025-02-04 07:46,KC
2025-02-04 07:46,IVVD
2025-02-04 07:46,HCWB
2025-02-04 07:46,UOKA
2025-02-04 07:46,GHRS
2025-02-04 07:46,SGLY
2025-02-04 07:46,SOPA
2025-02-04 07:46,REBN
2025-02-04 07:46,CLDI
2025-02-04 07:46,CYCN
2025-02-04 07:46,EJH
2025-02-04 07:46,LDTC
2025-02-04 07:46,TGI
2025-02-04 07:46,ZBAI
2025-02-04 07:46,BHAT
2025-02-04 07:46,ZSPC
2025-02-04 07:46,RGLS
2025-02-04 07:46,BACK
2025-02-04 07:46,RPID
2025-02-04 07:46,SSYS
2025-02-04 07:46,KC
2025-02-04 07:47,IVVD
2025-02-04 07:47,HCWB
2025-02-04 07:47,UOKA
2025-02-04 07:47,GHRS
2025-02-04 07:47,SGLY
2025-02-04 07:47,SOPA
2025-02-04 07:47,REBN
2025-02-04 07:47,CLDI
2025-02-04 07:47,CYCN
2025-02-04 07:47,EJH
2025-02-04 07:47,LDTC
2025-02-04 07:47,TGI
2025-02-04 07:47,ZBAI
2025-02-04 07:47,BHAT
2025-02-04 07:47,ZSPC
2025-02-04 07:47,RGLS
2025-02-04 07:47,BACK
2025-02-04 07:47,RPID
2025-02-04 07:47,SSYS
2025-02-04 07:47,KC
2025-02-04 07:47,IVVD
2025-02-04 07:47,HCWB
2025-02-04 07:47,UOKA
2025-02-04 07:47,GHRS
2025-02-04 07:47,SGLY
2025-02-04 07:47,SOPA
2025-02-04 07:47,REBN
2025-02-04 07:47,CLDI
2025-02-04 07:47,CYCN
2025-02-04 07:47,EJH
2025-02-04 07:47,LDTC
2025-02-04 07:47,TGI
2025-02-04 07:47,ZBAI
2025-02-04 07:47,BHAT
2025-02-04 07:47,ZSPC
2025-02-04 07:47,RGLS
2025-02-04 07:47,BACK
2025-02-04 07:47,RPID
2025-02-04 07:47,SSYS
2025-02-04 07:47,KC
2025-02-04 07:48,IVVD
2025-02-04 07:48,HCWB
2025-02-04 07:48,UOKA
2025-02-04 07:48,GHRS
2025-02-04 07:48,SGLY
2025-02-04 07:48,SOPA
2025-02-04 07:48,REBN
2025-02-04 07:48,CLDI
2025-02-04 07:48,CYCN
2025-02-04 07:48,EJH
2025-02-04 07:48,LDTC
2025-02-04 07:48,TGI
2025-02-04 07:48,ZBAI
2025-02-04 07:48,BHAT
2025-02-04 07:48,ZSPC
2025-02-04 07:48,RGLS
2025-02-04 07:48,BACK
2025-02-04 07:48,RPID
2025-02-04 07:48,SSYS
2025-02-04 07:48,KC
2025-02-04 07:48,IVVD
2025-02-04 07:48,HCWB
2025-02-04 07:48,UOKA
2025-02-04 07:48,GHRS
2025-02-04 07:48,SGLY
2025-02-04 07:48,SOPA
2025-02-04 07:48,REBN
2025-02-04 07:48,CLDI
2025-02-04 07:48,CYCN
2025-02-04 07:48,EJH
2025-02-04 07:48,LDTC
2025-02-04 07:48,TGI
2025-02-04 07:48,ZBAI
2025-02-04 07:48,BHAT
2025-02-04 07:48,ZSPC
2025-02-04 07:48,RGLS
2025-02-04 07:48,BACK
2025-02-04 07:48,RPID
2025-02-04 07:48,SSYS
2025-02-04 07:48,KC
2025-02-04 07:49,IVVD
2025-02-04 07:49,HCWB
2025-02-04 07:49,UOKA
2025-02-04 07:49,GHRS
2025-02-04 07:49,SGLY
2025-02-04 07:49,SOPA
2025-02-04 07:49,REBN
2025-02-04 07:49,CLDI
2025-02-04 07:49,CYCN
2025-02-04 07:49,EJH
2025-02-04 07:49,LDTC
2025-02-04 07:49,TGI
2025-02-04 07:49,ZBAI
2025-02-04 07:49,BHAT
2025-02-04 07:49,ZSPC
2025-02-04 07:49,RGLS
2025-02-04 07:49,BACK
2025-02-04 07:49,RPID
2025-02-04 07:49,SSYS
2025-02-04 07:49,KC
2025-02-04 07:49,IVVD
2025-02-04 07:49,HCWB
2025-02-04 07:49,UOKA
2025-02-04 07:49,GHRS
2025-02-04 07:49,SGLY
2025-02-04 07:49,SOPA
2025-02-04 07:49,REBN
2025-02-04 07:49,CLDI
2025-02-04 07:49,CYCN
2025-02-04 07:49,EJH
2025-02-04 07:49,LDTC
2025-02-04 07:49,TGI
2025-02-04 07:49,ZBAI
2025-02-04 07:49,BHAT
2025-02-04 07:49,ZSPC
2025-02-04 07:49,RGLS
2025-02-04 07:49,BACK
2025-02-04 07:49,RPID
2025-02-04 07:49,SSYS
2025-02-04 07:49,KC
2025-02-04 07:50,IVVD
2025-02-04 07:50,HCWB
2025-02-04 07:50,UOKA
2025-02-04 07:50,GHRS
2025-02-04 07:50,SGLY
2025-02-04 07:50,SOPA
2025-02-04 07:50,REBN
2025-02-04 07:50,CLDI
2025-02-04 07:50,CYCN
2025-02-04 07:50,EJH
2025-02-04 07:50,LDTC
2025-02-04 07:50,TGI
2025-02-04 07:50,ZBAI
2025-02-04 07:50,BHAT
2025-02-04 07:50,ZSPC
2025-02-04 07:50,RGLS
2025-02-04 07:50,BACK
2025-02-04 07:50,RPID
2025-02-04 07:50,SSYS
2025-02-04 07:50,KC
2025-02-04 07:50,IVVD
2025-02-04 07:50,HCWB
2025-02-04 07:50,UOKA
2025-02-04 07:50,GHRS
2025-02-04 07:50,SGLY
2025-02-04 07:50,SOPA
2025-02-04 07:50,REBN
2025-02-04 07:50,CLDI
2025-02-04 07:50,CYCN
2025-02-04 07:50,EJH
2025-02-04 07:50,LDTC
2025-02-04 07:50,TGI
2025-02-04 07:50,ZBAI
2025-02-04 07:50,BHAT
2025-02-04 07:50,ZSPC
2025-02-04 07:50,RGLS
2025-02-04 07:50,BACK
2025-02-04 07:50,RPID
2025-02-04 07:50,SSYS
2025-02-04 07:50,KC
2025-02-04 07:51,IVVD
2025-02-04 07:51,HCWB
2025-02-04 07:51,UOKA
2025-02-04 07:51,GHRS
2025-02-04 07:51,SGLY
2025-02-04 07:51,SOPA
2025-02-04 07:51,REBN
2025-02-04 07:51,CLDI
2025-02-04 07:51,CYCN
2025-02-04 07:51,EJH
2025-02-04 07:51,LDTC
2025-02-04 07:51,TGI
2025-02-04 07:51,ZBAI
2025-02-04 07:51,BHAT
2025-02-04 07:51,ZSPC
2025-02-04 07:51,RGLS
2025-02-04 07:51,BACK
2025-02-04 07:51,RPID
2025-02-04 07:51,SSYS
2025-02-04 07:51,KC
2025-02-04 07:51,IVVD
2025-02-04 07:51,HCWB
2025-02-04 07:51,UOKA
2025-02-04 07:51,GHRS
2025-02-04 07:51,SGLY
2025-02-04 07:51,SOPA
2025-02-04 07:51,REBN
2025-02-04 07:51,CLDI
2025-02-04 07:51,CYCN
2025-02-04 07:51,EJH
2025-02-04 07:51,LDTC
2025-02-04 07:51,TGI
2025-02-04 07:51,ZBAI
2025-02-04 07:51,BHAT
2025-02-04 07:51,ZSPC
2025-02-04 07:51,RGLS
2025-02-04 07:51,BACK
2025-02-04 07:51,RPID
2025-02-04 07:51,SSYS
2025-02-04 07:51,KC
2025-02-04 07:52,IVVD
2025-02-04 07:52,HCWB
2025-02-04 07:52,UOKA
2025-02-04 07:52,GHRS
2025-02-04 07:52,SGLY
2025-02-04 07:52,SOPA
2025-02-04 07:52,REBN
2025-02-04 07:52,CLDI
2025-02-04 07:52,CYCN
2025-02-04 07:52,EJH
2025-02-04 07:52,LDTC
2025-02-04 07:52,TGI
2025-02-04 07:52,ZBAI
2025-02-04 07:52,BHAT
2025-02-04 07:52,ZSPC
2025-02-04 07:52,RGLS
2025-02-04 07:52,BACK
2025-02-04 07:52,RPID
2025-02-04 07:52,SSYS
2025-02-04 07:52,KC
2025-02-04 07:52,IVVD
2025-02-04 07:52,HCWB
2025-02-04 07:52,UOKA
2025-02-04 07:52,GHRS
2025-02-04 07:52,SGLY
2025-02-04 07:52,SOPA
2025-02-04 07:52,REBN
2025-02-04 07:52,CLDI
2025-02-04 07:52,CYCN
2025-02-04 07:52,EJH
2025-02-04 07:52,LDTC
2025-02-04 07:52,TGI
2025-02-04 07:52,ZBAI
2025-02-04 07:52,BHAT
2025-02-04 07:52,ZSPC
2025-02-04 07:52,RGLS
2025-02-04 07:52,BACK
2025-02-04 07:52,RPID
2025-02-04 07:52,SSYS
2025-02-04 07:52,KC
2025-02-04 07:53,IVVD
2025-02-04 07:53,HCWB
2025-02-04 07:53,UOKA
2025-02-04 07:53,GHRS
2025-02-04 07:53,SGLY
2025-02-04 07:53,SOPA
2025-02-04 07:53,REBN
2025-02-04 07:53,CLDI
2025-02-04 07:53,CYCN
2025-02-04 07:53,EJH
2025-02-04 07:53,LDTC
2025-02-04 07:53,TGI
2025-02-04 07:53,ZBAI
2025-02-04 07:53,BHAT
2025-02-04 07:53,ZSPC
2025-02-04 07:53,RGLS
2025-02-04 07:53,BACK
2025-02-04 07:53,RPID
2025-02-04 07:53,SSYS
2025-02-04 07:53,KC
2025-02-04 07:53,IVVD
2025-02-04 07:53,HCWB
2025-02-04 07:53,UOKA
2025-02-04 07:53,GHRS
2025-02-04 07:53,SGLY
2025-02-04 07:53,SOPA
2025-02-04 07:53,REBN
2025-02-04 07:53,CLDI
2025-02-04 07:53,CYCN
2025-02-04 07:53,EJH
2025-02-04 07:53,LDTC
2025-02-04 07:53,TGI
2025-02-04 07:53,ZBAI
2025-02-04 07:53,BHAT
2025-02-04 07:53,ZSPC
2025-02-04 07:53,RGLS
2025-02-04 07:53,BACK
2025-02-04 07:53,RPID
2025-02-04 07:53,SSYS
2025-02-04 07:53,KC
2025-02-04 07:54,IVVD
2025-02-04 07:54,HCWB
2025-02-04 07:54,UOKA
2025-02-04 07:54,GHRS
2025-02-04 07:54,SGLY
2025-02-04 07:54,SOPA
2025-02-04 07:54,REBN
2025-02-04 07:54,CLDI
2025-02-04 07:54,CYCN
2025-02-04 07:54,EJH
2025-02-04 07:54,LDTC
2025-02-04 07:54,TGI
2025-02-04 07:54,ZBAI
2025-02-04 07:54,BHAT
2025-02-04 07:54,ZSPC
2025-02-04 07:54,RGLS
2025-02-04 07:54,BACK
2025-02-04 07:54,RPID
2025-02-04 07:54,SSYS
2025-02-04 07:54,KC
2025-02-04 07:55,IVVD
2025-02-04 07:55,HCWB
2025-02-04 07:55,UOKA
2025-02-04 07:55,GHRS
2025-02-04 07:55,SGLY
2025-02-04 07:55,SOPA
2025-02-04 07:55,REBN
2025-02-04 07:55,CLDI
2025-02-04 07:55,CYCN
2025-02-04 07:55,EJH
2025-02-04 07:55,LDTC
2025-02-04 07:55,TGI
2025-02-04 07:55,ZBAI
2025-02-04 07:55,BHAT
2025-02-04 07:55,ZSPC
2025-02-04 07:55,RGLS
2025-02-04 07:55,BACK
2025-02-04 07:55,RPID
2025-02-04 07:55,SSYS
2025-02-04 07:55,KC
2025-02-04 07:55,IVVD
2025-02-04 07:55,HCWB
2025-02-04 07:55,UOKA
2025-02-04 07:55,GHRS
2025-02-04 07:55,SGLY
2025-02-04 07:55,SOPA
2025-02-04 07:55,REBN
2025-02-04 07:55,CLDI
2025-02-04 07:55,CYCN
2025-02-04 07:55,EJH
2025-02-04 07:55,LDTC
2025-02-04 07:55,TGI
2025-02-04 07:55,ZBAI
2025-02-04 07:55,BHAT
2025-02-04 07:55,ZSPC
2025-02-04 07:55,RGLS
2025-02-04 07:55,BACK
2025-02-04 07:55,RPID
2025-02-04 07:55,SSYS
2025-02-04 07:55,KC
2025-02-04 07:56,IVVD
2025-02-04 07:56,HCWB
2025-02-04 07:56,UOKA
2025-02-04 07:56,GHRS
2025-02-04 07:56,SGLY
2025-02-04 07:56,SOPA
2025-02-04 07:56,REBN
2025-02-04 07:56,CLDI
2025-02-04 07:56,CYCN
2025-02-04 07:56,EJH
2025-02-04 07:56,LDTC
2025-02-04 07:56,TGI
2025-02-04 07:56,ZBAI
2025-02-04 07:56,BHAT
2025-02-04 07:56,ZSPC
2025-02-04 07:56,RGLS
2025-02-04 07:56,BACK
2025-02-04 07:56,RPID
2025-02-04 07:56,SSYS
2025-02-04 07:56,KC
2025-02-04 07:56,IVVD
2025-02-04 07:56,HCWB
2025-02-04 07:56,UOKA
2025-02-04 07:56,GHRS
2025-02-04 07:56,SGLY
2025-02-04 07:56,SOPA
2025-02-04 07:56,REBN
2025-02-04 07:56,CLDI
2025-02-04 07:56,CYCN
2025-02-04 07:56,EJH
2025-02-04 07:56,LDTC
2025-02-04 07:56,TGI
2025-02-04 07:56,ZBAI
2025-02-04 07:56,BHAT
2025-02-04 07:56,ZSPC
2025-02-04 07:56,RGLS
2025-02-04 07:56,BACK
2025-02-04 07:56,RPID
2025-02-04 07:56,SSYS
2025-02-04 07:56,KC
2025-02-04 07:57,IVVD
2025-02-04 07:57,HCWB
2025-02-04 07:57,UOKA
2025-02-04 07:57,GHRS
2025-02-04 07:57,SGLY
2025-02-04 07:57,SOPA
2025-02-04 07:57,REBN
2025-02-04 07:57,CLDI
2025-02-04 07:57,CYCN
2025-02-04 07:57,EJH
2025-02-04 07:57,LDTC
2025-02-04 07:57,TGI
2025-02-04 07:57,ZBAI
2025-02-04 07:57,BHAT
2025-02-04 07:57,ZSPC
2025-02-04 07:57,RGLS
2025-02-04 07:57,BACK
2025-02-04 07:57,RPID
2025-02-04 07:57,SSYS
2025-02-04 07:57,KC
2025-02-04 07:57,IVVD
2025-02-04 07:57,HCWB
2025-02-04 07:57,UOKA
2025-02-04 07:57,GHRS
2025-02-04 07:57,SGLY
2025-02-04 07:57,SOPA
2025-02-04 07:57,REBN
2025-02-04 07:57,CLDI
2025-02-04 07:57,CYCN
2025-02-04 07:57,EJH
2025-02-04 07:57,LDTC
2025-02-04 07:57,TGI
2025-02-04 07:57,ZBAI
2025-02-04 07:57,BHAT
2025-02-04 07:57,ZSPC
2025-02-04 07:57,RGLS
2025-02-04 07:57,BACK
2025-02-04 07:57,RPID
2025-02-04 07:57,SSYS
2025-02-04 07:57,KC
2025-02-04 07:58,IVVD
2025-02-04 07:58,HCWB
2025-02-04 07:58,UOKA
2025-02-04 07:58,GHRS
2025-02-04 07:58,SGLY
2025-02-04 07:58,SOPA
2025-02-04 07:58,REBN
2025-02-04 07:58,CLDI
2025-02-04 07:58,CYCN
2025-02-04 07:58,EJH
2025-02-04 07:58,LDTC
2025-02-04 07:58,TGI
2025-02-04 07:58,ZBAI
2025-02-04 07:58,BHAT
2025-02-04 07:58,ZSPC
2025-02-04 07:58,RGLS
2025-02-04 07:58,BACK
2025-02-04 07:58,RPID
2025-02-04 07:58,SSYS
2025-02-04 07:58,KC
2025-02-04 07:58,IVVD
2025-02-04 07:58,HCWB
2025-02-04 07:58,UOKA
2025-02-04 07:58,GHRS
2025-02-04 07:58,SGLY
2025-02-04 07:58,SOPA
2025-02-04 07:58,REBN
2025-02-04 07:58,CLDI
2025-02-04 07:58,CYCN
2025-02-04 07:58,EJH
2025-02-04 07:58,LDTC
2025-02-04 07:58,TGI
2025-02-04 07:58,ZBAI
2025-02-04 07:58,BHAT
2025-02-04 07:58,ZSPC
2025-02-04 07:58,RGLS
2025-02-04 07:58,BACK
2025-02-04 07:58,RPID
2025-02-04 07:58,SSYS
2025-02-04 07:58,KC
2025-02-04 07:59,IVVD
2025-02-04 07:59,HCWB
2025-02-04 07:59,UOKA
2025-02-04 07:59,GHRS
2025-02-04 07:59,SGLY
2025-02-04 07:59,SOPA
2025-02-04 07:59,REBN
2025-02-04 07:59,CLDI
2025-02-04 07:59,CYCN
2025-02-04 07:59,EJH
2025-02-04 07:59,LDTC
2025-02-04 07:59,TGI
2025-02-04 07:59,ZBAI
2025-02-04 07:59,BHAT
2025-02-04 07:59,ZSPC
2025-02-04 07:59,RGLS
2025-02-04 07:59,BACK
2025-02-04 07:59,RPID
2025-02-04 07:59,SSYS
2025-02-04 07:59,KC
2025-02-04 07:59,IVVD
2025-02-04 07:59,HCWB
2025-02-04 07:59,UOKA
2025-02-04 07:59,GHRS
2025-02-04 07:59,SGLY
2025-02-04 07:59,SOPA
2025-02-04 07:59,REBN
2025-02-04 07:59,CLDI
2025-02-04 07:59,CYCN
2025-02-04 07:59,EJH
2025-02-04 07:59,LDTC
2025-02-04 07:59,TGI
2025-02-04 07:59,ZBAI
2025-02-04 07:59,BHAT
2025-02-04 07:59,ZSPC
2025-02-04 07:59,RGLS
2025-02-04 07:59,BACK
2025-02-04 07:59,RPID
2025-02-04 07:59,SSYS
2025-02-04 07:59,KC
2025-02-04 09:30,IVVD
2025-02-04 09:30,HCWB
2025-02-04 09:30,UOKA
2025-02-04 09:30,GHRS
2025-02-04 09:30,SGLY
2025-02-04 09:30,SOPA
2025-02-04 09:30,REBN
2025-02-04 09:30,CLDI
2025-02-04 09:30,CYCN
2025-02-04 09:30,EJH
2025-02-04 09:30,LDTC
2025-02-04 09:30,TGI
2025-02-04 09:30,ZBAI
2025-02-04 09:30,BHAT
2025-02-04 09:30,ZSPC
2025-02-04 09:30,RGLS
2025-02-04 09:30,BACK
2025-02-04 09:30,RPID
2025-02-04 09:30,SSYS
2025-02-04 09:30,KC
2025-02-04 09:32,QNTM
2025-02-04 09:32,VLCN
2025-02-04 09:32,GCTK
2025-02-04 09:32,PLTR
2025-02-04 09:33,EVAX
2025-02-04 09:33,AMOD
2025-02-04 09:33,ATAI
2025-02-04 09:33,TCTM
2025-02-04 09:33,GVH
2025-02-04 09:33,LITM
2025-02-04 09:33,FLX
2025-02-04 09:33,AZTR
2025-02-04 09:33,MI
2025-02-04 09:33,LCTX
2025-02-04 09:33,BBLG
2025-02-04 09:33,DXF
2025-02-04 09:35,ACHL
2025-02-04 09:35,BNRG
2025-02-04 09:35,PMNT
2025-02-04 09:35,ENTO
2025-02-04 09:36,FLXS
2025-02-04 09:38,ZONE
2025-02-04 09:38,SES
2025-02-04 09:38,KRMD
2025-02-04 09:38,TURB
2025-02-04 09:38,XGN
2025-02-04 09:38,MODV
2025-02-04 09:39,LGO
2025-02-04 09:39,HUBC
2025-02-04 09:39,YXT
2025-02-04 09:40,LSE
2025-02-04 09:40,ZOOZ
2025-02-04 09:40,BKSY
2025-02-04 09:41,IPHA
2025-02-04 09:43,DSY
2025-02-04 09:43,KAPA
2025-02-04 09:44,MAIA
2025-02-04 09:45,CAPT
2025-02-04 09:46,QNRX
2025-02-04 09:49,BRNS
2025-02-04 09:49,NAMI
2025-02-04 09:50,TSBX
2025-02-04 09:55,HIMX
2025-02-04 09:56,PJT
2025-02-04 09:59,OSS
2025-02-04 09:59,OSTX
2025-02-04 10:06,DGNX
2025-02-04 10:08,BBAI
2025-02-04 10:12,ORIC
2025-02-04 10:15,AIRE
2025-02-04 10:36,SNES
2025-02-04 10:56,TUYA
2025-02-04 10:58,INKT
2025-02-04 11:00,VISL
2025-02-04 11:02,GLST
2025-02-04 11:11,TDTH
2025-02-04 11:24,ATER
2025-02-04 11:36,CLIK
2025-02-04 11:46,NVVE
2025-02-04 11:48,MRSN
2025-02-04 11:53,CPIX
2025-02-04 12:14,LTRY
2025-02-04 13:03,YOSH
2025-02-04 13:15,BYON
2025-02-04 13:17,LXEH
2025-02-04 13:25,JBDI
2025-02-04 14:29,DDD
2025-02-04 15:09,IBO
2025-02-04 15:22,NB
